first_name,last_name,job_title,department,email,address,phone_number,salary,password
Gloria,Sanchez,"Designer, jewellery",Finance,rcherry@example.org,"9500 Martin Cape, Clarkshire, PR 29438",(676)605-1357,118533,hERAMys5
Jon,Simmons,"Psychologist, forensic",Marketing,john35@example.com,"20746 Cox Union, Mccluretown, OR 81878",868.235.3383x9967,43795,9idmVThz
Wendy,Branch,Electronics engineer,HR,vgreen@example.org,"199 Courtney Landing, Port Lisa, WA 96047",644-377-2560,86972,NqQXMrs0
William,Martinez,Site engineer,Finance,xyoder@example.com,"9661 Tommy Point Suite 323, North Michaelside, DE 40383",936.431.7507x97702,133583,x8jPYfIv
Elizabeth,Lewis,Probation officer,Marketing,savagemichael@example.net,"55067 Murillo Divide Apt. 152, Lake Samuel, DE 95686",001-296-626-4169x78050,128682,BpQTohRz
Kari,Watson,"Engineer, energy",HR,klogan@example.com,"3355 Lisa Street Apt. 676, Timothyview, AR 40459",+1-714-225-2976x5210,47239,sSztveS2
Angela,Price,Research scientist (maths),Marketing,hollycurry@example.org,"65633 Chan Valleys Suite 309, East Ryanchester, AL 61695",+1-735-254-4119x9594,105002,JJc6OLhw
Katherine,Ramirez,Museum education officer,Operations,lmoore@example.org,"6498 Young Ports, West Markville, IA 51004",9929167926,120061,uh7wRlhh
Nicole,Frederick,Claims inspector/assessor,Engineering,clyons@example.com,"264 Cooley Road Suite 452, New Annview, LA 64255",001-323-338-7163x43192,122111,7RicRYCm
Samantha,Marquez,Product manager,Finance,wilsonmatthew@example.net,"3476 Diaz Trafficway Apt. 493, Jennifermouth, SD 18814",+1-808-249-2981x17764,63668,lXpEAdv0
Jennifer,Sanchez,Restaurant manager,Finance,victortaylor@example.com,"2329 Lester Ferry Suite 349, Port Bethton, NY 96918",+1-977-502-5171x116,71333,MTDHVlil
Tina,Butler,Immunologist,Engineering,slopez@example.org,"3336 Kelsey Plains Apt. 335, South Walterfort, MO 73676",354.547.2926,69197,Xi9GFyKO
Jeremy,Scott,Insurance account manager,Operations,sallymelton@example.com,"1438 Gene Manor Suite 448, Warnerville, LA 34141",895-866-8999x953,116642,5Yt8pupR
Diana,Brown,Product designer,Operations,dylangrant@example.com,"30226 Carpenter Shores Suite 884, Port Jacqueline, NY 14572",(832)249-9676,96063,yECs0Xbh
Eugene,Nichols,Clinical molecular geneticist,Engineering,carlos32@example.org,"723 Jason Port, Reginaldborough, IA 57386",+1-852-874-4948x472,78259,t0h8K4EL
Mark,Francis,"Programme researcher, broadcasting/film/video",Sales,huberjason@example.com,"9213 Ramsey Prairie Suite 773, Marchaven, ND 00528",778.257.2348x644,102166,RBEGhbWY
Chris,Moon,Civil Service administrator,Operations,nathanhines@example.net,"645 Johnson Walks Suite 379, Lake Jonathanburgh, MH 61517",701-299-1026,124556,93NfTyqn
Michael,Mueller,Pensions consultant,Operations,lewisgregory@example.org,"PSC 6246, Box 1263, APO AA 73668",999-536-1735x5176,96382,6rIKbsM9
Timothy,Jefferson,Local government officer,Engineering,christian97@example.net,"6815 Jessica Route, Maryland, AK 71389",4989096057,128047,LwLja98V
Tracie,Murphy,Bookseller,Sales,jacob50@example.org,"Unit 5017 Box 0166, DPO AP 15248",362-747-2437,137705,TYNEt23B
Craig,Dalton,"Merchandiser, retail",Marketing,peter28@example.net,"1214 Randall Lodge, Davenportberg, MD 28713",211-381-2196x9717,127569,1IGdOGZ6
Jill,Fuller,"Sound technician, broadcasting/film/video",HR,brianbaker@example.org,"309 Murphy Mountains Suite 778, Batestown, VA 42773",+1-620-296-9308x77042,43888,4Zm5Jr8n
Bradley,Alexander,Sub,HR,lauren28@example.net,"26598 Peters Road, Port Samuel, LA 16084",(940)688-9730x38937,139741,zLiKG89K
Kevin,Flowers,Geographical information systems officer,Finance,tthomas@example.net,"56420 Smith Cape Apt. 642, Port Courtney, MD 49657",001-572-356-9349x36228,104719,eiteBJcR
Steven,Duke,Contracting civil engineer,Finance,eric74@example.com,"USNV Long, FPO AE 60512",359-907-3685,77182,jqqYOWQ4
Ashley,Torres,Senior tax professional/tax inspector,HR,susanharris@example.com,"958 Kelly Walk Suite 035, New Tina, VI 67216",(552)967-8150x94359,103173,MVAwoJXZ
Tiffany,Mack,"Surveyor, land/geomatics",Marketing,erin46@example.net,"122 Davis Ranch, North Robertbury, VT 91842",7825837726,103924,kzD2whma
Peter,Myers,Psychiatrist,Operations,zmcdowell@example.net,"490 Eric Unions, West Natalie, IL 79909",001-643-294-1286x7777,135588,GOR23YJ4
Juan,Lynch,"Scientist, marine",Sales,obaird@example.com,"0244 Amy Glen Suite 514, Paigeberg, MD 72778",579.831.8015x75576,46676,d8UsxsFh
Christian,Kim,"Producer, television/film/video",Sales,heather19@example.net,"3940 Cynthia Landing Suite 778, Lake Tyler, CA 34179",9774526123,53419,LasMfQfh
Clifford,Norris,Physiological scientist,HR,xbrown@example.net,"526 Farley Landing Apt. 310, Port Amanda, HI 21604",+1-962-283-5409,90332,R6EG1bHf
Betty,Prince,Leisure centre manager,Engineering,randy15@example.com,"9982 Matthew Ridge Apt. 228, Jonathanborough, TX 65219",001-627-298-1757,115222,ZVRc4tYo
Tina,Keller,Wellsite geologist,HR,sextonmatthew@example.net,"0402 Gamble Fall Apt. 786, Williamschester, IL 51965",994-945-0279x354,115702,VFQc2pOV
Raymond,Garcia,Water engineer,Sales,hwarner@example.com,"2669 Smith Via, Jeffersonfurt, DE 29145",5337750358,121427,K8gPyJog
Jason,Tapia,Information officer,HR,kimberlykrause@example.org,"5817 Peterson Stream Suite 998, Shirleyberg, NY 07831",772-793-7534x6475,43782,E8926FPk
Benjamin,Buchanan,English as a foreign language teacher,Finance,robert72@example.com,"3400 Maxwell Camp Apt. 902, Gonzalezton, HI 52155",5007346341,102665,frPNxC5Y
Bianca,Stevenson,Chief Executive Officer,Finance,charlesperry@example.org,"USNV Fisher, FPO AA 38980",+1-639-329-9028x8966,135805,ahpDulER
Adam,Dillon,"Conservator, museum/gallery",Engineering,gkelley@example.com,"9805 Norman Squares, Hallbury, CT 11884",848.201.6085x366,84529,vvfQ5fgt
Paul,Escobar,Interior and spatial designer,HR,ecooper@example.net,"65809 Jackson Oval, East Colleen, MN 20946",(628)381-4754,79509,1U4VVpiC
Adam,Johnson,Paediatric nurse,Marketing,brookeevans@example.com,"6724 Carpenter Vista, East Lisafort, PW 52927",7742794999,59523,zUwwKvc1
Ana,Hernandez,Office manager,Engineering,harrisonnina@example.net,"29997 Khan Villages Apt. 217, South Veronicaborough, MN 73655",(878)251-1274,137624,wWIVHFJI
Peter,Harris,Tour manager,Marketing,fbates@example.org,"650 Alexander Locks Suite 129, Reyesmouth, OH 26962",3682362241,57823,yOCMWNf7
Jennifer,Soto,Nutritional therapist,Finance,alvaradomatthew@example.net,"9219 Beard Divide Apt. 302, Lake Laura, MD 22960",680.687.9709x5420,144057,0zL9PGpF
Bryce,Taylor,Operational investment banker,Finance,hernandezjames@example.com,"14492 Martinez Unions, Wernerland, NY 05011",475-361-4710x74248,48333,yClRtDIY
Robert,Carroll,Senior tax professional/tax inspector,Marketing,maria51@example.com,"185 Michael Park, South Theresaberg, NV 14774",(871)358-0245x2015,58838,vKFgoD58
Debra,Donaldson,Comptroller,Marketing,cmartin@example.com,"967 Michael Circles, North Elizabethfurt, AK 57110",+1-592-736-9882x74420,88185,Y9XVySjP
Ricardo,Hancock,Health physicist,Finance,macdonaldjason@example.com,"62518 Megan Mountain Apt. 850, South Georgehaven, AR 94551",(545)896-4781x042,59621,glEVOinN
Joseph,Oneal,"Chemist, analytical",HR,pameladaniels@example.net,"Unit 9794 Box 9990, DPO AE 38077",3457327983,97616,ZByBKlGR
Tyler,Black,Broadcast engineer,Sales,johnnymahoney@example.net,"1047 Gibson Crescent Apt. 378, Lake Kimberly, TX 67819",5185163627,148490,a8RwRzb3
Nicole,Brooks,Ambulance person,Finance,uochoa@example.net,"142 Melinda Pines, Belltown, GU 58813",001-977-873-3336x94843,42697,CZ9ZbvXa
Darren,Lopez,Editorial assistant,Operations,melissawerner@example.com,"88245 Bradley Loaf Suite 530, Burnsmouth, VT 23278",001-908-947-9761x0856,101748,cV3kV8pQ
James,Phillips,"Therapist, occupational",Operations,krobinson@example.com,"82525 Edward River Suite 180, East Rebeccachester, IL 17900",+1-310-736-8160x56798,96713,AX0kZi0n
Michelle,Davis,Insurance underwriter,Finance,djohnson@example.com,"44835 Rebecca Union Suite 124, Boonestad, GA 12380",833.440.1072,120266,eejfZAEq
David,Russell,Diagnostic radiographer,Engineering,berrybrent@example.net,"2719 Brittany Locks, Marisahaven, VI 08527",918-308-4684x6229,68893,MsRtfIqE
Kathryn,Smith,Chief Technology Officer,Engineering,johnsonronald@example.org,"360 Denise Crossroad, Nicholastown, DE 62327",915.648.7957x96792,140789,2V8JxCaz
James,Hill,Research scientist (physical sciences),Engineering,ttapia@example.net,"1552 Sutton Route Suite 092, Port Karina, PW 53573",640-623-1740x96331,61611,tai9yzXp
Keith,Stone,Educational psychologist,Engineering,uhicks@example.net,"21796 Calvin Isle Apt. 452, Jamesberg, NC 13602",5296649992,46822,rBAjkC3h
Andrew,Carson,"Teacher, music",Engineering,abrewer@example.com,"31486 James Union, West Adam, DE 78642",993.380.6294,96378,iM6L4Sgz
Johnny,Avila,"Optician, dispensing",Finance,amandagriffin@example.org,"5833 Alexander Throughway, Joshuabury, MO 51538",427-312-7390,61190,sDMn4hsX
Gregory,Reyes,Learning mentor,HR,tmoore@example.org,"12545 Campbell Grove Apt. 049, Port Derekport, UT 42519",(740)227-0495,58185,RCXmm8q9
Stacey,Garcia,Geochemist,HR,olsonlinda@example.net,"PSC 9560, Box 5410, APO AE 37454",828.785.1069x316,132257,Z54BTutl
Raymond,Hall,Camera operator,HR,spencercarolyn@example.org,"275 Ashley Inlet, North Kimberly, FL 73501",+1-798-395-2796,65298,cOyW3xaA
Alexandra,Morton,Mental health nurse,HR,crystalblake@example.net,"853 Alexander Lakes, Ronaldfurt, SC 10076",850.570.1528,89877,Pru5ms7u
Carl,Carpenter,Web designer,Sales,yrichardson@example.org,"1914 Owens Trafficway, Boothchester, OH 91388",(998)771-0162,130219,Bm862C5j
Philip,Brady,"Designer, industrial/product",Engineering,nicole32@example.org,"877 Allison Run Apt. 901, South Daniel, MN 26957",+1-867-631-4189x6526,95975,AUDH1Nll
Susan,Myers,Transport planner,Engineering,anna40@example.net,"477 Tracy Mill, Vazquezfort, ND 63087",6279802283,54944,t2XYESFb
Daniel,Mullins,Clinical psychologist,Operations,woodnorman@example.net,"05618 Kaitlyn Hill Suite 207, Sarahburgh, OK 03249",001-296-930-3647x61774,40418,kJDN89Gq
Justin,Nelson,"Scientist, biomedical",Sales,alecjones@example.com,"098 Anna Pine Suite 208, West Kathleen, MN 58967",2792415930,68670,JLLqP6vn
Morgan,Ray,"Lecturer, higher education",Marketing,brian92@example.org,"89457 Michelle Manor Suite 684, Taylorside, OH 80813",735.416.7935,51314,QqnGPEy9
Marcus,Rodriguez,"Teacher, secondary school",Finance,tayloramanda@example.net,"7444 Lisa Extension Apt. 638, Lake Scottbury, NJ 46087",(472)582-2253,76257,433tUQU8
Leslie,Fitzgerald,"Accountant, chartered certified",Operations,andrew28@example.com,"5433 Molly Plaza, Port Thomastown, DE 53378",818.958.9276,118765,yuiGDJ5f
Jermaine,Diaz,"Engineer, maintenance",Operations,markhughes@example.net,"USNS Hernandez, FPO AE 18207",+1-935-699-0147,50980,WXLTEfzK
Patrick,Hampton,Equities trader,HR,ryanacevedo@example.org,"10382 Allen Mall Suite 912, Simsview, NH 54660",(501)375-3381,121674,Kg8w2ZAQ
Jeffrey,Fitzpatrick,Civil Service fast streamer,Sales,jeffreyreeves@example.net,"8981 Wilkinson Underpass, South Kellyland, MP 93258",913.937.2254x828,149830,Y6KXD5Mm
Jordan,Nichols,Purchasing manager,Marketing,alandawson@example.net,"USNS Jacobs, FPO AP 51980",+1-951-405-1575,111916,H0ij2t38
Teresa,Peters,Fisheries officer,Marketing,brendan95@example.com,"48132 Holly Ferry, West Jayport, TX 06450",6218971479,91378,1b5pMDG8
Kenneth,Blevins,"Programme researcher, broadcasting/film/video",Engineering,michael46@example.net,"USCGC Bean, FPO AA 32924",001-224-264-7594x9959,149966,ErQzyKgI
Jennifer,Garner,Chief Strategy Officer,Engineering,yadams@example.org,"8515 Jordan Overpass Apt. 202, South Paultown, MA 84680",253-369-4410x85922,117258,N8mUysfM
Stephanie,Diaz,Research scientist (physical sciences),Sales,hogansherry@example.org,"704 Courtney Brook, Port Pamelabury, CA 02171",225-577-5726x2632,50377,8PP1ePP6
Melissa,Hart,"Engineer, chemical",HR,rodriguezryan@example.net,"295 Dennis Junction Suite 136, West Andrew, MS 19313",+1-453-931-9154,124143,d9B9qONm
Laura,Parker,Marketing executive,Engineering,juanhuang@example.com,"1145 Everett Way Apt. 923, North Kevintown, MP 82557",001-758-510-3470,53000,Bl9kUk0V
Steve,Poole,Ambulance person,Sales,cathygoodwin@example.com,"70404 Andrew Summit, West Adamberg, MT 19408",(798)659-4727,117320,bYSwDJjB
Anthony,Watts,Physiological scientist,Marketing,petersonbrenda@example.org,"0943 Underwood Burg, South Sonya, PW 28943",629-602-3436,88180,x690GEwt
Richard,Brown,Solicitor,Engineering,kcook@example.net,"66860 Angela Coves, Lake Linda, AS 51983",717-879-5743x472,107272,NeL38PuA
Brittany,Robertson,"Scientist, marine",HR,florescarol@example.com,"2722 Turner Center, Gonzalezstad, ME 77222",337-969-0434x736,49363,C3PgowaZ
Patricia,Murphy,Sports administrator,Finance,ruizjake@example.com,"054 Lindsey Ports, New Christophershire, SC 53368",001-880-320-1878x4860,113125,CjDxjYkQ
Tasha,Curtis,"Surveyor, quantity",Sales,george67@example.com,"22199 Julie Fall, New John, MI 71028",672.941.2414x8372,145483,wUCr0p39
Anthony,Pierce,Travel agency manager,HR,ritterdaniel@example.net,"9510 Lee Branch Apt. 133, Melissashire, ND 26637",+1-610-920-3767x348,75059,WuTCTngq
Amy,Nielsen,Media planner,Sales,joannawilson@example.com,"53081 Tina Brook, Lake Williamfurt, MH 91476",591-326-3966x721,128963,U1jcoAbe
Caitlin,Taylor,Retail merchandiser,Marketing,valenzuelaanna@example.org,"102 Ashley Lodge, New Edward, MN 70621",+1-797-627-3930,92227,tXPAVUMH
Nancy,Glover,Town planner,Finance,perrytyler@example.net,"Unit 2927 Box 6141, DPO AP 08321",201-283-7045,107766,H9ZAKLcr
Randy,Hood,Barrister's clerk,Operations,fergusonjoseph@example.net,"362 Wise Center, Lake Ryanside, MO 43603",573-252-4706x825,145306,Lkb51HmC
Carol,Taylor,Planning and development surveyor,Marketing,jblanchard@example.com,"61844 Bradley Track Apt. 962, West Davidbury, UT 20582",761-487-0037,118447,ANJO2C7N
Brian,Ward,Insurance risk surveyor,Engineering,melissameyers@example.net,"38468 Chapman Canyon Suite 989, Berrystad, NC 25620",505.385.8000,145354,Q7pZAOr4
Margaret,Ross,Chief Technology Officer,Marketing,matthew38@example.com,"909 Ross Trail Apt. 854, South Heathermouth, PR 09006",666-711-0422,121171,nCWcXzQV
Jeremy,Miller,Academic librarian,Sales,lrobles@example.org,"940 Mary Islands Apt. 518, Crawfordhaven, ME 81148",(956)213-4352,115446,E7aFonTB
Michael,Ross,Diplomatic Services operational officer,Engineering,wendynelson@example.org,"82306 Lisa Run, Perkinsburgh, RI 85408",+1-535-998-1162x4226,127749,mCbd96bg
Adam,Henderson,"Surveyor, commercial/residential",Sales,steven97@example.com,"87017 Johnson Course Apt. 139, Port Alanborough, NM 38811",+1-472-937-7101x672,146233,amZHAKeH
David,Anderson,Geoscientist,Operations,williamsjoshua@example.net,"973 Drake Ridge Apt. 021, Catherineton, AS 12297",731.611.7198x6744,111092,QOLc3ajl
Katherine,Boyd,Charity fundraiser,Engineering,davidmartin@example.com,"72308 Cynthia Avenue Suite 892, Kimberlyview, AS 60651",535-704-3445x6203,93887,H6tM4Tns
